method,point_estimate,ci_lower,ci_upper,ci_width
naive_user,66.02025425554837,60.54729584141349,71.60094807153631,11.053652230122822
configurator_user,82.26675285498814,78.1728075845723,86.1236802413273,7.95087265675501
engineered_prompt,89.29110105580695,84.7662141779789,93.3634992458522,8.597285067873301
naive_rag,83.97974574445163,79.05623787976728,88.38612368024133,9.329885800474045
modular_rag,85.38030596854126,81.15707821590176,89.17259211376859,8.015513897866825
